1,Pham Van Hai,01/01/2002,Male,1.23456789012E11,1.23456789E9,Hai@gmail.com,University,Manager,200000.0
